term,count
que,93
bts,83
los,51
amo,38
army,25
dynamite,20
comments,19
jungkook,18
com,18
como,17
armys,16
por,16
para,15
vamos,15
música,15
todos,14
esta,13
son,13
love,13
soy,12
con,12
cute,12
youtube,11
kim,11
estou,11
então,11
jimin,11
está,10
las,10
porque,10
hola,10
song,10
emojis,9
não,9
isso,9
vocês,9
canción,9
muy,9
acender,9
mejor,9
trop,9
mucho,8
cómo,8
todo,8
mas,8
namjoon,8
mais,8
ama,8
omg,8
encanta,8
https,8
shorts,8
del,7
mundo,7
ser,7
essa,7
noite,7
million,7
les,7
lindos,7
suis,7
pas,7
jai,7
pero,6
comentarios,6
vida,6
bangtan,6
taehyung,6
muito,6
jin,6
una,6
musica,6
nadie,6
você,6
dinamite,6
también,6
vous,6
laide,6
mon,6
qué,6
corazón,6
min,5
ding,5
pronto,5
suga,5
día,5
somos,5
ahora,5
tan,5
momento,5
gente,5
nos,5
canciones,5
más,5
pra,5
mientras,5
vez,5
vou,5
hoy,5
amor,5
deus,5
nunca,5
sou,5
soul,5
des,5
mil,5
này,5
musique,5
très,5
belle,5
zby,5
aunque,5
yes,5
dong,4
gracias,4
like,4
video,4
film,4
horas,4
meta,4
espero,4
años,4
siete,4
eles,4
قلبي,4
haciendo,4
este,4
alguien,4
mejores,4
cantando,4
parte,4
mds,4
foi,4
tenho,4
tudo,4
español,4
estoy,4
chicos,4
também,4
nas,4
hacen,4
yoongi,4
aquí,4
meu,4
esto,4
verso,4
uma,4
casa,4
funk,4
coreanos,4
tus,4
boa,4
grupo,4
fan,4
wow,4
batu,4
boys,4
تاي,4
jaime,4
soi,4
bro,4
hxsain,4
대한민국,4
hai,4
são,4
sudah,4
girl,4
desde,3
bogotá,3
gran,3
venir,3
sabe,3
hacer,3
str,3
bonito,3
menos,3
perfeito,3
miembros,3
pasado,3
seokjin,3
quando,3
vengan,3
quiero,3
eres,3
grammys,3
comentários,3
podemos,3
coreano,3
primero,3
lugar,3
horário,3
big,3
hit,3
tem,3
vey,3
assistir,3
vai,3
pode,3
están,3
uwu,3
viciante,3
pueden,3
grande,3
manhã,3
dinamita,3
estrelas,3
veja,3
fogo,3
ouvir,3
faz,3
refrão,3
brilhando,3
pela,3
cidade,3
pouco,3
uau,3
quien,3
sono,3
jhope,3
park,3
nam,3
primera,3
ela,3
favorita,3
junkook,3
amoooo,3
concierto,3
anh,3
esa,3
best,3
شوقا,3
gustas,3
êtes,3
fort,3
votre,3
ses,3
vrai,3
une,3
camerounaise,3
mai,3
lèvre,3
rose,3
vedette,3
lycée,3
nest,3
beauté,3
dune,3
coréenne,3
dans,3
pays,3
ans,3
daphne,3
amguttugo,3
tengo,3
bueno,3
입니다,3
싶습니다,3
rola,3
september,3
dari,3
cari,3
muka,3
wouldike,3
lets,2
soon,2
colombia,2
cierto,2
esperamos,2
cuando,2
tour,2
arirang,2
manera,2
dar,2
algo,2
llegar,2
millones,2
tiempo,2
viendo,2
puede,2
bien,2
literalmente,2
número,2
hate,2
rock,2
roll,2
así,2
logro,2
kpop,2
ellos,2
tienen,2
llegue,2
ese,2
latinas,2
estamos,2
sur,2
conta,2
это,2
шедевр,2
después,2
tenga,2
muchas,2
aqui,2
cada,2
increíble,2
şaka,2
için,2
luego,2
despues,2
hey,2
donde,2
fandom,2
nosotros,2
imposible,2
nós,2
región,2
idioma,2
oqq,2
esse,2
bighit,2
hobi,2
reis,2
várias,2
comentario,2
pone,2
botón,2
subtitulos,2
или,2
comer,2
ainda,2
comeback,2
logo,2
bater,2
views,2
assistam,2
sem,2
pular,2
anúncios,2
ajudar,2
lembrando,2
canal,2
nossa,2
meus,2
canso,2
cualquier,2
cosa,2
incluso,2
bebê,2
siguen,2
contigo,2
puedo,2
lembrar,2
seu,2
brasil,2
tão,2
lindo,2
dice,2
sin,2
absolutamente,2
posible,2
viva,2
kkkkkkkkkk,2
pop,2
tae,2
português,2
ficando,2
pesado,2
boom,2
baixo,2
doce,2
mel,2
sim,2
batida,2
cha,2
ching,2
dinheiro,2
sobrecarga,2
discoteca,2
gosto,2
diamante,2
brilho,2
quem,2
fale,2
falar,2
dia,2
huh,2
hoo,2
dinanana,2
escuchando,2
mesmo,2
бутер,2
presente,2
nostalgia,2
pasa,2
toda,2
creo,2
cuenta,2
chanson,2
chic,2
entre,2
entiendo,2
demás,2
envidiarnos,2
realmente,2
vale,2
estás,2
escucho,2
one,2
minha,2
nice,2
perú,2
hơn,2
nói,2
deseo,2
argentina,2
jadore,2
top,2
buena,2
bonita,2
armi,2
casar,2
cengi,2
geniales,2
sont,2
hermana,2
días,2
verdad,2
empezó,2
moi,2
khúc,2
của,2
cái,2
hhh,2
cancion,2
على,2
feliz,2
amos,2
bias,2
جونغكوك,2
جين,2
نامجون,2
jung,2
hoseok,2
trưởng,2
mis,2
btsssss,2
مين,2
mappelle,2
jeon,2
idol,2
linda,2
bom,2
türkler,2
ermoso,2
voy,2
gens,2
came,2
batuu,2
asma,2
안녕하세요,2
aloo,2
saja,2
guttugo,2
cengiz,2
daha,2
soylemis,2
việt,2
stray,2
bonitos,2
있습니다,2
디자인한,2
티셔츠를,2
gay,2
mío,2
btsdisband,2
otro,2
quisiera,2
quererme,2
algún,2
quererte,2
quizás,2
fui,2
sidhu,2
dei,2
banda,2
mundial,2
selalu,2
gusta,2
bubar,2
bald,2
eagle,2
bhi,2
nahi,2
kya,2
luv,2
dele,2
btssuga,2
좋겠어요,2
해나에게,2
해나는,2
여러분이,2
안녕히,2
계세요,2
demasiado,2
beat,2
pandiya,2
ommg,1
wowww,1
gooo,1
armyyy,1
unique,1
𝗔𝗿𝗺𝘆𝘀,1
𝗹𝗲𝘁𝘀,1
make,1
さっきyoutubeでno,1
dreamのmv見ましたが,1
今の雰囲気と違って驚きました,1
get,1
asap,1
call,1
phone,1
thinks,1
back,1
several,1
years,1
doooonnnggggg,1
regreso,1
six,1
yearsss,1
alreadyyyyyu,1
siento,1
teletón,1
jajajajajaj,1
llegaremos,1
confiamos,1
banner,1
twitter,1
extraña,1
falté,1
escuela,1
maestra,1
correcta,1
final,1
comentar,1
darle,1
otros,1
saltar,1
anuncios,1
intercalar,1
crea,1
adelanten,1
descarguen,1
tampoco,1
perdamos,1
traducciones,1
edits,1
preparen,1
cafecito,1
noche,1
dormimos,1
estén,1
sigamos,1
nesse,1
clipe,1
aff,1
わかった,1
友達がファンだって言ってたよ,1
この曲は素晴らしくて美しい,1
全然悪くない,1
llevo,1
quince,1
viviendo,1
mitad,1
seis,1
nombres,1
equipo,1
suerte,1
deve,1
horrível,1
entregam,1
obra,1
arte,1
chamada,1
waoahoooi,1
aún,1
tirar,1
susurró,1
kpopis,1
eso,1
quitará,1
nominación,1
grammy,1
anden,1
celebrando,1
propio,1
género,1
الغني,1
فريق,1
صوتكم,1
موسيقى,1
يعزف,1
دقت,1
tarde,1
ingles,1
xuxa,1
famosa,1
jajjajaja,1
ayuda,1
era,1
rara,1
exacto,1
masivo,1
tambien,1
america,1
hora,1
odiando,1
confirmen,1
oie,1
coloquem,1
desse,1
jeito,1
visualização,1
ребят,1
давайте,1
постараемся,1
побьём,1
рекорд,1
putos,1
someone,1
fucking,1
hagamos,1
reproducciones,1
apt,1
gatnam,1
style,1
nosotras,1
imagina,1
quantos,1
estão,1
vindo,1
segundo,1
fans,1
han,1
catorce,1
verlos,1
todas,1
ésa,1
değil,1
dinamit,1
patlatacagim,1
kutlama,1
lalalalalala,1
ohohohohohoh,1
mymymy,1
nanana,1
dynananana,1
marzo,1
stas,1
sufrimos,1
estúpidos,1
haters,1
callarles,1
boca,1
demostrándoles,1
proponemos,1
das,1
ficarmos,1
topo,1
pueda,1
escuchada,1
amada,1
distinguida,1
roupas,1
vozes,1
raps,1
cenários,1
referências,1
acha,1
coração,1
aguentar,1
misericórdia,1
pisa,1
testa,1
ninguém,1
toca,1
sensível,1
vendo,1
reclamando,1
dropa,1
beleza,1
chaga,1
kkkkkkk,1
buscabas,1
encanto,1
bailar,1
orgullosa,1
usame,1
nerviosa,1
reportence,1
autolike,1
latina,1
aparecen,1
mood,1
ahí,1
arriba,1
русских,1
арми,1
действительно,1
настолько,1
много,1
ютьюб,1
просто,1
выкидывает,1
вверх,1
комменты,1
зависимости,1
вашего,1
региона,1
вот,1
ещё,1
одна,1
шутка,1
джина,1
как,1
назовёте,1
грустную,1
чашку,1
кофе,1
депрессо,1
lleguemos,1
dejemos,1
pasar,1
vano,1
debió,1
trozo,1
butter,1
processando,1
hino,1
single,1
arrasam,1
iremos,1
metas,1
arrasaram,1
lembretes,1
nenhuma,1
pulem,1
comentem,1
bebam,1
água,1
descansem,1
amanhã,1
live,1
engajamento,1
alguma,1
view,1
contar,1
eliminar,1
manerar,1
apenas,1
lançar,1
bangtantv,1
lyrics,1
reacts,1
outros,1
canais,1
primeiras,1
corações,1
aplauso,1
stream,1
tarea,1
surtar,1
silencio,1
acordar,1
pais,1
modo,1
mudo,1
nananananae,1
vibe,1
gostosinha,1
apaixonada,1
mandenle,1
saludo,1
anthony,1
choy,1
jajaja,1
escutar,1
ducirl,1
limpiar,1
bañarse,1
vestirse,1
hacerlo,1
estudiando,1
ponerla,1
otra,1
además,1
ayudarlos,1
según,1
ciencia,1
aprendemos,1
escuchamos,1
estudiamos,1
qur,1
acaso,1
demostremos,1
presta,1
atenção,1
balançando,1
cinturinha,1
ahhh,1
casi,1
acaba,1
mes,1
llegamos,1
billon,1
hecho,1
ami,1
saindo,1
kkk,1
ent,1
amis,1
brasileiros,1
vcs,1
lutem,1
tremendo,1
figurinos,1
garotos,1
also,1
ponga,1
inserte,1
emoji,1
duerme,1
demosle,1
rompemos,1
nota,1
saludos,1
sensual,1
donut,1
yerken,1
yakalandım,1
tüh,1
bizsiz,1
yiyeceksin,1
bem,1
tava,1
ver,1
acho,1
acabei,1
morrendo,1
meio,1
faço,1
primeira,1
oportunidade,1
tentar,1
hitei,1
olvidar,1
cantaron,1
tiene,1
imaginan,1
vlive,1
nena,1
jpg,1
obvio,1
meo,1
emoción,1
tradução,1
sapatos,1
levanto,1
xícara,1
leite,1
fazer,1
king,1
kong,1
bate,1
tambor,1
rolando,1
pedra,1
canto,1
voltando,1
pulo,1
pro,1
alto,1
lebron,1
liga,1
telefone,1
chá,1
gelado,1
partida,1
ping,1
pong,1
disso,1
traga,1
amigo,1
junte,1
multidão,1
quiser,1
vir,1
junto,1
mexa,1
estivéssemos,1
fora,1
parede,1
céu,1
iluminado,1
dançamos,1
até,1
amanhecer,1
senhoras,1
senhores,1
remédio,1
devem,1
manter,1
olhos,1
bola,1
woah,1
interessado,1
pós,1
jueves,1
septiembre,1
quatro,1
entenda,1
papel,1
cadelinha,1
qual,1
disse,1
nosso,1
чонгук,1
поднимает,1
которая,1
тоже,1
хавает,1
утром,1
поднимаю,1
ответ,1
daveeeee,1
кто,1
слушает,1
этот,1
сентябрь,1
inglés,1
turcos,1
confundida,1
hotel,1
trivago,1
professor,1
maluca,1
neta,1
oque,1
custava,1
colocar,1
legenda,1
caralho,1
김남준,1
김석진,1
민윤기,1
정호석,1
박지민,1
김태형,1
전정국과,1
비티에스,1
뭐라고,1
있어ㅓㅓㅓㅓㅓ,1
aaaaaaaaaaaaaaaaaaah,1
dynamiteeer,1
omma,1
tarada,1
estan,1
durmiendo,1
vecinos,1
aaaaaaaaaaaaáaaaaaaaaah,1
btsbts,1
mamá,1
asustada,1
traje,1
diablo,1
mosquito,1
canten,1
españooooool,1
mama,1
enserio,1
vas,1
desvelar,1
vídeo,1
efectivamente,1
ndlerde,1
hiç,1
türk,1
yorumu,1
göremedim,1
turkish,1
outras,1
nss,1
ter,1
ficar,1
acordada,1
desregulado,1
bəyən,1
çıxdı,1
yaz,1
fighting,1
aze,1
honestamente,1
sonido,1
ustedes,1
fue,1
verdaderamente,1
fuerte,1
bts는,1
인생에서,1
세상에서,1
밴드예요,1
언젠가,1
만나고,1
싶어요,1
사랑해요,1
olvides,1
rendirse,1
decidida,1
valentía,1
adelante,1
seguiremos,1
mostrando,1
actuaciones,1
juntos,1
أحببتكم,1
بصدق,1
ومازل,1
يختركم,1
يوم,1
وجدكم,1
اجمل,1
محدث,1
حياتي,1
ابتعت,1
عني,1
فلن,1
تبتعد,1
وسبقي,1
احبكم,1
مادم,1
نبضن,1
amoooooo,1
mejro,1
biutifullllll,1
est,1
любимые,1
мальчики,1
cumpleaños,1
cumplo,1
ｂｔｓは,1
かっこいいですね,1
charla,1
podrían,1
pena,1
unidos,1
hubiera,1
exactamente,1
muchos,1
llevan,1
この歌大好き,1
guapos,1
incrivel,1
inferno,1
初めて観たけど面白い曲,1
facebook,1
cambiare,1
하루를,1
최고의,1
프로필,1
descubra,1
joya,1
coriano,1
lastima,1
haberla,1
descubierto,1
antes,1
poner,1
acá,1
abajo,1
happy,1
adorable,1
superb,1
october,1
uykum,1
var,1
vallaha,1
yalan,1
yok,1
permama,1
dets,1
yapmayacağımda,1
kime,1
yapacağım,1
crushı,1
saymazsak,1
aonde,1
virei,1
escuto,1
youuuuuuuuuuuuuuuuuuuuuuuuuuuu,1
주인들은,1
어디에,1
있나요,1
pensaría,1
mismo,1
viniendo,1
país,1
parecía,1
اكل,1
دولمه,1
واسمعها,1
salí,1
recaída,1
coreografia,1
gustó,1
amamos,1
vasa,1
prima,1
hồi,1
năm,1
trước,1
chúng,1
tới,1
triệu,1
lượt,1
bình,1
luận,1
vậy,1
một,1
kinh,1
khủng,1
khiếp,1
thật,1
conocer,1
alos,1
quieren,1
sabado,1
echavarria,1
naranja,1
somene,1
jiminshiii,1
dyna,1
queen,1
buscaba,1
loooookkkkkkk,1
demais,1
justo,1
quero,1
abi,1
yazmamiş,1
kafayi,1
yorumm,1
levanta,1
animo,1
estaban,1
jovencitos,1
cabello,1
color,1
veían,1
meilleurs,1
batunun,1
koreye,1
kaçmış,1
ikizi,1
bitie,1
sus,1
escuché,1
dorama,1
fazendo,1
voltarrr,1
amooooo,1
lit,1
wooooo,1
encore,1
iloveubts,1
giám,1
ràng,1
mình,1
بتجنننننننننننننننننننن,1
bbs,1
wowwww,1
شعور,1
غريب,1
وانا,1
اشاهد,1
الاغنيه,1
التي,1
حضرتها,1
اول,1
نزلت,1
اليوتيوب,1
وكان,1
الوقت,1
صباح,1
وحصلت,1
مليون,1
مشاهده,1
خلال,1
ساعه,1
وكنت,1
متحمسه,1
للستريم,1
wowwwwww,1
peole,1
전설이디,1
amoooóooooooooooooooooooooooooooooooooooooooooooooo,1
escucha,1
llama,1
valeria,1
torres,1
baranda,1
dbr,1
enm,1
msh,1
nntn,1
今日は食べた,1
ごめんなさbts,1
اني,1
ـــــشاق,1
جمين,1
جهيوب,1
alafyo,1
escuche,1
amooooooo,1
érmosos,1
permadan,1
geldiiim,1
octubre,1
mãi,1
đỉnh,1
temazooo,1
parabéns,1
sonyeondan,1
البنفسجي,1
map,1
كوكي,1
بوسان,1
strange,1
answer,1
purple,1
bnbnb,1
đội,1
cai,1
nhóm,1
thằng,1
آرمي,1
للأبد,1
hebat,1
kau,1
namorada,1
gosta,1
jimi,1
boharae,1
bravooo,1
ganadores,1
omggggg,1
يشاهد,1
bravi,1
junkuk,1
hello,1
cos,1
ahh,1
amei,1
chica,1
dudas,1
hermano,1
nomas,1
mappèlle,1
yoooooooooooooooo,1
استطيع,1
الا,1
استمع,1
مره,1
اخرى,1
único,1
comp,1
perfeitossssssss,1
esposos,1
teve,1
parcelar,1
chegue,1
mudou,1
kkkkkk,1
btasss,1
szeretlek,1
ohhhhhh,1
burada,1
llueva,1
campin,1
pues,1
llover,1
ciudad,1
ayer,1
patrones,1
poverini,1
costretti,1
fare,1
gli,1
battuuuooogg,1
dinaaaaa,1
alguém,1
amoo,1
mariposas,1
succidi,1
manga,1
fratellino,1
giovanni,1
triolo,1
bravo,1
fababigli,1
encantó,1
kind,1
vistas,1
likes,1
locura,1
compré,1
camisa,1
adictiva,1
vvvv,1
gustan,1
aun,1
conozcan,1
rollo,1
ángel,1
baby,1
pipipi,1
vaoooo,1
kadar,1
yorum,1
nedir,1
yawww,1
vọng,1
mọi,1
tốt,1
đẹp,1
រnasa,1
kooky,1
koya,1
shooky,1
tata,1
mang,1
chimi,1
van,1
salustia,1
adore,1
quoi,1
dinteressant,1
chez,1
bellosss,1
hace,1
bip,1
jonkok,1
cata,1
favor,1
castellano,1
muero,1
entender,1
letras,1
sep,1
oreo,1
dainamet,1
oww,1
seni,1
seviyorum,1
paarl,1
gim,1
moy,1
stays,1
maniac,1
igual,1
jajajaj,1
líder,1
fidedigna,1
나탈리가,1
돌아옵니다,1
pogi,1
talaga,1
lenbra,1
رجعوني,1
pensé,1
cantaba,1
mujer,1
porá,1
haifa,1
nazahan,1
nic,1
bai,1
yom,1
coud,1
ouuu,1
지금이곳은,1
보라색,1
아닙니다,1
qqirm,1
aceozurczmajkhy,1
yqllwjom,1
mijffu,1
celindo,1
បងរ,1
şarjim,1
entonces,1
gris,1
injusticia,1
yyyy,1
안녕하세요안녕하세요,1
업데이트,1
안합니다,1
그대들과,1
상관없이,1
가야합니다,1
그냥그냥,1
gang,1
world,1
record,1
refieres,1
menú,1
disskoo,1
ovurlov,1
ammintidet,1
daymind,1
yunovur,1
glovup,1
soelosko,1
bclm,1
متتكرر,1
ooo,1
ratonera,1
blink,1
please,1
jennie,1
fallen,1
angel,1
complete,1
pleeeeeeeeeeeeeeeeeeeeeeeeeeeeeeeeeeeeeeeeeeeeeeeeeeeeeeeeeeeeeeeeeeeeeeeeeeeeeeas,1
iyi,1
begenmedim,1
апрпорх,1
איכס,1
bhj,1
sdrur,1
unos,1
creer,1
cantan,1
nagyon,1
rosz,1
nah,1
يوهههههه,1
gtsmk,1
что,1
шляпа,1
kitz,1
mrd,1
personaje,1
tres,1
laid,1
mature,1
guapa,1
chango,1
faltu,1
gana,1
kyu,1
banate,1
senza,1
offesa,1
ballando,1
come,1
futuro,1
говорите,1
vaina,1
mala,1
bts의,1
팬입니다,1
한국과,1
일본을,1
다리가,1
일본에서는,1
안락사,1
문제가,1
심각하여,1
하루에,1
마리가,1
안락사되고,1
도움이,1
싶어서,1
만들고,1
판매해서,1
기부하려고,1
합니다,1
못하는,1
아이들을,1
여러분께,1
있을까요,1
기부금을,1
모으고,1
韓国の犬も助けたい,1
ファンレターを送りました,1
わたしの夢です,1
masturbe,1
tout,1
jour,1
gustar,1
porquería,1
dios,1
total,1
crap,1
bosta,1
cuteeee,1
asf,1
rmf,1
ohl,1
feature,1
share,1
siuuuuuuuuuuuuu,1
asla,1
dinlemekten,1
sıkılmayacgim,1
dude,1
eto,1
nani,1
kore,1
alfyo,1
dunyanin,1
buyuk,1
sanatcisi,1
brroo,1
даже,1
голоса,1
девоек,1
похожи,1
esté,1
decirlo,1
voz,1
llene,1
temor,1
intento,1
acercarme,1
recuerda,1
ella,1
sigue,1
pensamientos,1
lado,1
olvidado,1
veces,1
miraras,1
miro,1
cerca,1
ilusión,1
nace,1
despacio,1
espera,1
obligarte,1
ocupar,1
solo,1
quería,1
supieras,1
dolido,1
logras,1
olvidarla,1
siga,1
llegas,1
sabrás,1
sincera,1
duela,1
elección,1
tristeza,1
sea,1
youtu,1
zkpfn,1
melhores,1
cantores,1
ola,1
maikellys,1
rang,1
pregunta,1
única,1
sintió,1
canta,1
karen,1
avnfyd,1
moose,1
wala,1
ezaz,1
canzionez,1
alegre,1
ezcuchandola,1
zeptiembre,1
hoş,1
alguna,1
cerro,1
loveeeeee,1
demoníacas,1
dejó,1
kids,1
adoro,1
pts,1
eraaaaa,1
dance,1
let,1
sehat,1
buat,1
bersama,1
kalian,1
近所の人達からミニジョングクと言われてます,1
hah,1
처음부터,1
목소리,1
들어도,1
kñce,1
oficial,1
quznmnt,1
rncisswyaw,1
kddbq,1
esos,1
ensueño,1
wahoo,1
innnnnnnnhhhh,1
impresionantes,1
jadi,1
ive,1
punya,1
harta,1
banyak,1
miskin,1
terus,1
penulis,1
stupidmu,1
ndak,1
usah,1
sama,1
artis,1
cantó,1
ava,1
chinitos,1
vote,1
breaktudo,1
awards,1
quue,1
ecuador,1
ကအခ,1
septembree,1
malakas,1
usa,1
pambandang,1
hayop,1
battle,1
khaoge,1
kar,1
rahi,1
kare,1
ukajgfxez,1
meh,1
おやつは,1
ひかえてるよbts,1
seila,1
좋아요,1
morram,1
dynnnnnnananana,1
life,1
fãs,1
fotos,1
maior,1
sonho,1
conhecer,1
ele,1
moja,1
była,1
dziewczyna,1
słuchała,1
dlatego,1
nią,1
zerwałem,1
dsmn,1
lla,1
falta,1
poco,1
bengan,1
btslovehttps,1
kqxwsjd,1
ygq,1
hdzi,1
kvqmhvcav,1
uauuuu,1
peru,1
viene,1
cette,1
weeeee,1
weeee,1
jajajajaaa,1
holaaaa,1
snebe,1
encantabts,1
slay,1
년에는,1
오나요,1
اجه,1
haaa,1
zamanlar,1
buraya,1
gelen,1
bazı,1
türklerin,1
geldiğini,1
ispatlayamam,1
söyleyebilirmmm,1
وقتی,1
شاهکار,1
ساختی,1
بعد,1
هفت,1
سال,1
هنوز,1
بمبه,1
داره,1
میترکونه,1
exitosos,1
gustos,1
comida,1
deporte,1
etc,1
mentira,1
dois,1
pés,1
reynaaaaaa,1
sugaaaaa,1
friiiiiiiiki,1
इहर,1
cuñada,1
hizo,1
escuchar,1
jaja,1
merda,1
encantan,1
cutee,1
parece,1
tal,1
adrian,1
legends,1
anjelina,1
correa,1
martínez,1
año,1
juangkook,1
년전이네,1
lovet,1
siempre,1
beo,1
temo,1
cara,1
qui,1
lécoute,1
comme,1
esses,1
الغنيه,1
التجننن,1
jnn,1
ففي,1
القلب,1
ika,1
впервые,1
вижу,1
миллиард,1
просмотров,1
magnifici,1
tutti,1
disco,1
bangtaan,1
jkkkkk,1
hope,1
doneeee,1
siehst,1
노래가,1
좋네요,1
視聴してる人でアリランワールドツアーのコンサート行った人はいますか,1
junkkook,1
ewww,1
batum,1
güzel,1
saudades,1
mal,1
커스암아아,1
다이너마이트는,1
개레전드다,1
한국인있나여,1
معقولة,1
per,1
fecta,1
chiquita,1
escuchaba,1
talento,1
gatos,1
anos,1
dessa,1
sean,1
felices,1
여러분을,1
동경하는,1
hannah,1
친구가,1
있어요,1
댓글을,1
보신다면,1
보셨으면,1
한마디만,1
남겨주세요,1
전해줄게요,1
최고라고,1
생각해요,1
리마에서,1
열리는,1
콘서트에,1
하지만,1
아쉽게도,1
참석하지,1
못하게,1
되었거든요,1
인사를,1
건네주세요,1
여러분의,1
이름을,1
외우고,1
아니라,1
한국을,1
방문하는,1
꿈이라,1
한국어도,1
배우고,1
있답니다,1
그리고,1
오레오도,1
맛있더라고요,1
읽어주셨으면,1
저희는,1
출신이지만,1
이해하실,1
있도록,1
한국어로,1
번역해,1
보았습니다,1
감사합니다,1
秒のところの歌声と音楽,1
空の明るさとカラフルな花火のようなものが不思議な感情にさせるね,1
hermosa,1
misica,1
homem,1
guerra,1
infinita,1
mano,1
fosse,1
casava,1
sete,1
pelo,1
sonhei,1
covidi,1
hatırlıyo,1
musun,1
yıllardan,1
aklımızda,1
kalan,1
tek,1
sey,1
escho,1
adicta,1
oyeaaa,1
sustancias,1
ils,1
beaux,1
holy,1
shi,1
bill,1
veiws,1
うっそーん,1
oasam,1
gng,1
mom,1
compris,1
quest,1
quil,1
dit,1
devenu,1
amoureuse,1
damn,1
idk,1
can,1
amount,1
music,1
will,1
mlrd,1
ojir,1
ueqir,1
bhlf,1
오호이야,1
aaaaaaaa,1
omgggg,1
engilah,1
tok,1
eleictic,1
uryapti,1
pedatr,1
lisa,1
buzuq,1
saeing,1
biziq,1
pandimiya,1
sawing,1
rohman,1
aal,1
malik,1
qudjz,1
house,1
near,1
days,1
knowlege,1
alldamira,1
gilr,1
covi,1
mulk,1
read,1
yasin,1
alone,1
aribic,1
women,1
ask,1
hiii,1
ouvindooooooo,1
amgio,1
haorld,1
dis,1
fahh,1
teamonequeisolacasino,1
armiíiiiiii,1
